January 20, 2019 at 00:00AM	work
January 20, 2019 at 00:00AM	work
January 20, 2019 at 00:00AM	work
January 20, 2019 at 00:00AM	work
January 20, 2019 at 00:00AM	work
January 20, 2019 at 00:00AM	home
January 20, 2019 at 00:00AM	home
January 20, 2019 at 00:00AM	school
January 20, 2019 at 00:00AM	school
January 20, 2019 at 00:00AM	school
January 20, 2019 at 00:00AM	school
January 20, 2019 at 00:00AM	school
January 20, 2019 at 00:00AM	school
January 21, 2019 at 09:21AM	work
January 21, 2019 at 10:18AM	work
January 23, 2019 at 10:13AM	school
January 23, 2019 at 04:55PM	school
January 24, 2019 at 12:30PM	work
January 28, 2019 at 08:18AM	work
January 28, 2019 at 08:50AM	work
January 29, 2019 at 01:47PM	work
January 29, 2019 at 01:48PM	work
February 1, 2019 at 11:16AM	work
February 1, 2019 at 06:18PM	work
February 6, 2019 at 11:42AM	school
February 7, 2019 at 12:14PM	work
February 10, 2019 at 05:13PM	visit
February 11, 2019 at 01:58PM	school
February 15, 2019 at 09:09AM	work
February 16, 2019 at 04:34PM	visit
February 16, 2019 at 05:35PM	visit
February 17, 2019 at 03:13PM	home
February 17, 2019 at 03:13PM	home
February 17, 2019 at 03:13PM	home
February 18, 2019 at 10:06AM	work
February 18, 2019 at 11:31AM	work
February 21, 2019 at 10:32AM	work
February 21, 2019 at 12:15PM	work
February 22, 2019 at 04:53PM	visit
February 24, 2019 at 05:58PM	visit
February 24, 2019 at 06:30PM	visit
February 24, 2019 at 07:08PM	visit
February 26, 2019 at 07:51PM	diner
February 27, 2019 at 08:02AM	work
February 27, 2019 at 08:42AM	work
February 27, 2019 at 09:25AM	work
February 27, 2019 at 06:07PM	work
February 28, 2019 at 10:44AM	work
March 1, 2019 at 01:09PM	work
March 2, 2019 at 02:09PM	home
March 2, 2019 at 02:09PM	home
March 3, 2019 at 11:29AM	home
March 4, 2019 at 10:45AM	work
March 5, 2019 at 10:52AM	work
March 5, 2019 at 11:22AM	work
March 7, 2019 at 11:07AM	diner
March 7, 2019 at 11:07AM	work
March 7, 2019 at 11:07AM	diner
March 7, 2019 at 12:00PM	work
March 8, 2019 at 09:19AM	work
March 8, 2019 at 09:55AM	work
March 13, 2019 at 07:20PM	home
March 13, 2019 at 07:20PM	home
March 13, 2019 at 07:20PM	home
March 14, 2019 at 07:11AM	home
March 14, 2019 at 05:07PM	home
March 14, 2019 at 05:58PM	home
March 17, 2019 at 02:34PM	home
March 19, 2019 at 01:15PM	home
March 20, 2019 at 09:47AM	school
March 21, 2019 at 10:42AM	visit
March 24, 2019 at 10:58AM	home
March 26, 2019 at 08:10PM	home
March 26, 2019 at 09:08PM	home
March 26, 2019 at 09:19PM	home
March 27, 2019 at 08:55AM	home
March 27, 2019 at 10:13AM	home
March 28, 2019 at 05:58PM	home
March 28, 2019 at 06:20PM	home
March 28, 2019 at 07:22PM	home
March 28, 2019 at 08:18PM	home
March 29, 2019 at 10:41AM	work
March 30, 2019 at 11:15AM	home
March 30, 2019 at 12:46PM	home
March 30, 2019 at 12:46PM	home
April 2, 2019 at 12:17PM	work
April 2, 2019 at 01:12PM	work
April 5, 2019 at 08:53AM	visit
April 5, 2019 at 08:53AM	work
April 5, 2019 at 09:20AM	work
April 5, 2019 at 10:09AM	work
April 5, 2019 at 10:09AM	work
April 6, 2019 at 02:52PM	visit
April 6, 2019 at 02:52PM	visit
April 7, 2019 at 08:36AM	diner
April 7, 2019 at 08:36AM	diner
April 7, 2019 at 08:36AM	visit
April 8, 2019 at 10:50AM	work
April 8, 2019 at 12:53PM	work
April 9, 2019 at 10:58AM	work
April 11, 2019 at 11:36AM	work
April 12, 2019 at 10:08AM	work
April 12, 2019 at 10:46AM	work
April 12, 2019 at 11:48AM	work
April 13, 2019 at 08:21AM	home
April 13, 2019 at 08:22AM	home
April 15, 2019 at 01:10AM	home
April 15, 2019 at 02:07AM	home
April 15, 2019 at 02:57AM	home
April 15, 2019 at 02:16PM	home
April 16, 2019 at 10:53AM	home
April 17, 2019 at 05:43AM	home
April 17, 2019 at 05:48AM	home
April 17, 2019 at 05:48AM	home
April 17, 2019 at 06:14AM	home
April 24, 2019 at 06:19PM	diner
April 24, 2019 at 06:19PM	diner
April 24, 2019 at 06:19PM	diner
April 24, 2019 at 06:19PM	diner
April 24, 2019 at 06:19PM	diner
April 24, 2019 at 06:19PM	diner
April 24, 2019 at 06:20PM	diner
April 24, 2019 at 06:20PM	diner
April 24, 2019 at 06:20PM	diner
April 24, 2019 at 06:20PM	diner
April 26, 2019 at 11:53AM	diner
April 26, 2019 at 01:15PM	diner
April 26, 2019 at 02:18PM	diner
April 26, 2019 at 03:34PM	diner
April 26, 2019 at 04:44PM	diner
	
April 27, 2019 at 10:02AM	work
	
April 27, 2019 at 01:16PM	work
April 28, 2019 at 12:19PM	home
April 29, 2019 at 07:24AM	home
May 1, 2019 at 10:42AM	home
May 2, 2019 at 12:10PM	work
May 2, 2019 at 02:32PM	work
May 2, 2019 at 05:25PM	work
May 5, 2019 at 01:45PM	home
May 5, 2019 at 01:45PM	home
May 6, 2019 at 06:04AM	home
May 7, 2019 at 10:29AM	diner
May 9, 2019 at 12:11PM	work
May 10, 2019 at 10:55AM	work
May 10, 2019 at 11:24AM	work
May 10, 2019 at 11:59AM	work
May 10, 2019 at 01:47PM	work
May 13, 2019 at 12:29PM	work
May 14, 2019 at 10:14AM	diner
May 22, 2019 at 11:20AM	home
May 23, 2019 at 07:05AM	home
May 28, 2019 at 07:50AM	work
May 28, 2019 at 09:22AM	work
May 28, 2019 at 10:19AM	work
May 29, 2019 at 07:49PM	home
May 30, 2019 at 08:37AM	work
May 30, 2019 at 08:37AM	work
May 30, 2019 at 11:01AM	work
June 3, 2019 at 08:15AM	work
June 3, 2019 at 08:43AM	work
June 3, 2019 at 10:33AM	work
June 4, 2019 at 12:13PM	work
June 5, 2019 at 09:29AM	work
June 5, 2019 at 03:39PM	work
June 6, 2019 at 09:48AM	work
June 7, 2019 at 10:21AM	diner
June 16, 2019 at 08:45AM	diner
June 17, 2019 at 08:43AM	visit
June 17, 2019 at 11:49AM	diner
June 17, 2019 at 11:49AM	diner
June 18, 2019 at 04:55PM	visit
June 22, 2019 at 01:02PM	diner
June 27, 2019 at 10:55AM	work
June 27, 2019 at 12:24PM	work
June 28, 2019 at 11:57AM	work
June 30, 2019 at 02:19PM	cinema
July 1, 2019 at 10:11AM	home
July 1, 2019 at 12:30PM	work
July 11, 2019 at 08:21PM	diner
July 11, 2019 at 08:21PM	diner
July 12, 2019 at 10:43AM	home
July 14, 2019 at 10:41AM	home
July 15, 2019 at 11:56AM	home
July 15, 2019 at 12:50PM	home
July 15, 2019 at 02:07PM	home
July 15, 2019 at 04:59PM	home
July 17, 2019 at 05:52PM	work
July 20, 2019 at 11:55AM	home
July 20, 2019 at 12:56PM	home
July 20, 2019 at 06:36PM	visit
July 23, 2019 at 12:54PM	home
	
	
July 23, 2019 at 02:04PM	home
July 29, 2019 at 01:09PM	home
July 30, 2019 at 05:49AM	home
August 3, 2019 at 01:34PM	diner
August 3, 2019 at 01:35PM	diner
August 3, 2019 at 01:35PM	diner
August 3, 2019 at 02:01PM	diner
August 8, 2019 at 01:33PM	home
August 8, 2019 at 02:48PM	home
August 9, 2019 at 11:04AM	home
August 10, 2019 at 01:53PM	home
August 13, 2019 at 08:14AM	home
August 16, 2019 at 10:33PM	diner
August 17, 2019 at 04:26AM	home
August 17, 2019 at 11:16AM	diner
August 19, 2019 at 02:10PM	school
August 22, 2019 at 10:16AM	school
August 22, 2019 at 11:09AM	school
August 22, 2019 at 12:57PM	school
August 23, 2019 at 11:02AM	school
August 23, 2019 at 11:17AM	school
August 23, 2019 at 12:19PM	school
August 23, 2019 at 12:48PM	school
August 28, 2019 at 02:08PM	diner
September 1, 2019 at 01:57PM	visit
September 3, 2019 at 10:21AM	home
September 3, 2019 at 11:25AM	home
September 3, 2019 at 12:47PM	home
September 5, 2019 at 10:39AM	school
September 11, 2019 at 08:06AM	school
September 12, 2019 at 07:42AM	school
September 13, 2019 at 07:04AM	school
September 13, 2019 at 07:36AM	school
September 14, 2019 at 09:35AM	diner
September 16, 2019 at 02:23PM	school
September 16, 2019 at 05:02PM	school
September 18, 2019 at 07:04AM	school
September 18, 2019 at 08:02AM	school
September 18, 2019 at 02:07PM	school
September 19, 2019 at 07:44AM	school
September 20, 2019 at 09:48AM	school
September 20, 2019 at 12:09PM	school
September 22, 2019 at 11:12AM	home
September 22, 2019 at 11:56AM	home
September 22, 2019 at 01:02PM	home
September 23, 2019 at 07:06AM	school
September 23, 2019 at 09:08AM	school
September 24, 2019 at 07:04AM	school
September 24, 2019 at 12:43PM	school
September 25, 2019 at 06:04PM	radio
September 28, 2019 at 03:06PM	home
September 29, 2019 at 01:25PM	home
September 29, 2019 at 03:24PM	cinema
September 29, 2019 at 04:15PM	cinema
September 30, 2019 at 07:44AM	school
September 30, 2019 at 10:17AM	school
October 1, 2019 at 06:55AM	school
October 1, 2019 at 08:12AM	school
October 1, 2019 at 10:30AM	school
October 1, 2019 at 03:49PM	school
October 2, 2019 at 07:43AM	school
October 2, 2019 at 09:08AM	school
October 2, 2019 at 11:01AM	school
October 3, 2019 at 07:36AM	school
October 3, 2019 at 08:31AM	school
October 3, 2019 at 12:09PM	school
October 4, 2019 at 10:05AM	school
October 4, 2019 at 12:08PM	school
October 5, 2019 at 10:04AM	visit
October 6, 2019 at 09:55AM	visit
October 7, 2019 at 09:08AM	school
October 7, 2019 at 10:13AM	school
October 7, 2019 at 01:31PM	school
October 9, 2019 at 11:01AM	school
October 9, 2019 at 12:04PM	school
October 11, 2019 at 10:38AM	home
October 11, 2019 at 11:53AM	diner
October 12, 2019 at 11:34AM	diner
October 12, 2019 at 01:49PM	diner
October 13, 2019 at 10:56AM	visit
October 13, 2019 at 05:30PM	diner
October 13, 2019 at 07:49PM	diner
October 14, 2019 at 08:05AM	school
October 14, 2019 at 09:07AM	school
October 16, 2019 at 09:39AM	home
October 17, 2019 at 10:06AM	home
October 18, 2019 at 11:38AM	home
October 18, 2019 at 01:03PM	home
October 18, 2019 at 04:09PM	home
October 19, 2019 at 10:56AM	home
October 19, 2019 at 11:39AM	home
October 19, 2019 at 12:12PM	home
October 21, 2019 at 04:59PM	home
October 21, 2019 at 05:57PM	home
October 21, 2019 at 07:35PM	home
October 23, 2019 at 10:56AM	home
October 23, 2019 at 11:18AM	home
October 23, 2019 at 03:18PM	home
October 24, 2019 at 08:28AM	home
October 26, 2019 at 09:03AM	home
October 26, 2019 at 10:57AM	home
October 26, 2019 at 05:56PM	diner
October 26, 2019 at 05:56PM	diner
October 27, 2019 at 10:24AM	home
October 27, 2019 at 11:15AM	home
October 28, 2019 at 09:14AM	school
October 30, 2019 at 06:21PM	radio
October 31, 2019 at 10:22AM	school
October 31, 2019 at 12:27PM	school
November 2, 2019 at 10:54AM	cinema
November 2, 2019 at 06:36PM	cinema
November 3, 2019 at 08:13AM	diner
November 3, 2019 at 10:24AM	home
November 4, 2019 at 07:16AM	visit
November 4, 2019 at 07:17AM	visit
November 4, 2019 at 12:58PM	visit
November 4, 2019 at 01:20PM	visit
November 4, 2019 at 02:08PM	visit
November 4, 2019 at 02:25PM	visit
November 4, 2019 at 02:40PM	visit
November 5, 2019 at 05:07AM	visit
November 5, 2019 at 08:54AM	diner
November 6, 2019 at 10:59AM	school
November 6, 2019 at 11:21AM	school
November 6, 2019 at 02:02PM	school
November 8, 2019 at 11:09PM	cinema
November 9, 2019 at 10:42AM	school
November 9, 2019 at 12:28PM	school
November 9, 2019 at 02:08PM	school
November 10, 2019 at 11:13AM	home
November 10, 2019 at 01:30PM	home
November 10, 2019 at 02:48PM	home
November 11, 2019 at 07:00AM	home
November 11, 2019 at 10:10AM	school
November 11, 2019 at 11:28AM	School
November 11, 2019 at 11:54AM	School
November 11, 2019 at 01:09PM	School
November 12, 2019 at 08:36AM	School
November 12, 2019 at 10:57AM	School
November 12, 2019 at 11:33AM	School
November 12, 2019 at 12:27PM	School
November 12, 2019 at 02:28PM	School
November 14, 2019 at 11:30AM	home
November 14, 2019 at 11:30AM	home
November 18, 2019 at 07:22AM	School
November 18, 2019 at 10:06AM	School
November 18, 2019 at 10:52AM	School
November 18, 2019 at 12:45PM	School
November 19, 2019 at 12:21PM	home
November 19, 2019 at 01:06PM	home
November 19, 2019 at 02:56PM	home
November 19, 2019 at 03:34PM	home
November 20, 2019 at 08:58AM	home
November 20, 2019 at 10:14AM	home
November 21, 2019 at 09:22AM	home
November 21, 2019 at 09:40AM	home
November 21, 2019 at 10:01AM	home
November 21, 2019 at 10:31AM	home
November 21, 2019 at 11:24AM	home
November 22, 2019 at 05:35AM	home
November 22, 2019 at 06:54AM	home
November 22, 2019 at 08:23AM	home
November 23, 2019 at 11:00AM	diner
November 25, 2019 at 10:02AM	school
November 27, 2019 at 09:40AM	home
November 27, 2019 at 10:41AM	home
November 27, 2019 at 11:34AM	home
November 27, 2019 at 11:34AM	home
November 29, 2019 at 08:01AM	cinema
November 29, 2019 at 08:29AM	cinema
November 29, 2019 at 03:35PM	school
December 1, 2019 at 10:51AM	school
December 1, 2019 at 11:48AM	school
December 1, 2019 at 01:26PM	school
December 2, 2019 at 10:16AM	school
December 2, 2019 at 01:38PM	School
December 2, 2019 at 03:42PM	School
December 3, 2019 at 09:12AM	school
December 3, 2019 at 10:52AM	School
December 3, 2019 at 12:26PM	School
December 4, 2019 at 02:01PM	radio
December 4, 2019 at 03:09PM	radio
December 5, 2019 at 10:03AM	school
December 8, 2019 at 12:32PM	school
December 8, 2019 at 01:36PM	School
December 8, 2019 at 02:50PM	School
December 9, 2019 at 08:11AM	school
December 9, 2019 at 10:26AM	School
December 10, 2019 at 05:46AM	home
December 10, 2019 at 06:45AM	home
December 10, 2019 at 08:33AM	home
December 10, 2019 at 11:12AM	school
December 10, 2019 at 11:45AM	School
December 12, 2019 at 04:49PM	school
December 12, 2019 at 11:30PM	school
December 13, 2019 at 12:20AM	school
December 13, 2019 at 01:16AM	school
December 14, 2019 at 11:29AM	home
December 14, 2019 at 11:54AM	home
December 15, 2019 at 11:18AM	home
December 15, 2019 at 11:46AM	home
December 16, 2019 at 10:50AM	home
December 16, 2019 at 11:19AM	home
December 16, 2019 at 12:28PM	home
December 17, 2019 at 10:45AM	home
December 17, 2019 at 11:51AM	home
December 18, 2019 at 05:41AM	Home
December 18, 2019 at 06:20AM	Home
December 18, 2019 at 07:44AM	home
December 25, 2019 at 08:58AM	Home
December 25, 2019 at 01:09PM	Home
December 26, 2019 at 09:50AM	Home
December 26, 2019 at 09:02PM	visit
December 31, 2019 at 01:10PM	cinema
January 4, 2020 at 09:59AM	diner
January 8, 2020 at 09:59AM	home
January 9, 2020 at 08:24AM	home
January 9, 2020 at 09:34AM	home
January 9, 2020 at 12:31PM	diner
January 10, 2020 at 10:17AM	home
January 11, 2020 at 09:18AM	diner
January 13, 2020 at 09:30AM	home
January 14, 2020 at 09:14AM	home
January 14, 2020 at 10:59AM	home
January 14, 2020 at 03:42PM	home
January 16, 2020 at 07:41AM	home
January 16, 2020 at 08:46AM	Home
January 16, 2020 at 09:14AM	Home
January 17, 2020 at 12:47PM	home
January 18, 2020 at 08:51AM	home
January 18, 2020 at 10:57AM	home
January 18, 2020 at 01:16PM	home
January 20, 2020 at 07:42AM	home
January 21, 2020 at 01:23PM	cinema
January 23, 2020 at 07:23AM	home
January 23, 2020 at 09:00AM	home
January 24, 2020 at 12:10PM	home
January 25, 2020 at 11:18AM	home
January 25, 2020 at 01:06PM	home
January 25, 2020 at 05:16PM	home
January 26, 2020 at 09:51AM	home
January 26, 2020 at 11:42AM	home
January 26, 2020 at 05:51PM	visit
January 26, 2020 at 05:52PM	visit
January 26, 2020 at 06:43PM	visit
January 27, 2020 at 06:59AM	home
January 27, 2020 at 11:31AM	home
January 27, 2020 at 04:29PM	diner
January 27, 2020 at 04:44PM	diner
January 27, 2020 at 05:26PM	diner
January 28, 2020 at 12:30PM	home
January 29, 2020 at 06:03PM	visit
January 30, 2020 at 11:02AM	home
January 30, 2020 at 11:46AM	home
January 31, 2020 at 10:36AM	home
January 31, 2020 at 02:25PM	home
January 31, 2020 at 03:35PM	home
January 31, 2020 at 06:24PM	home
February 1, 2020 at 01:28PM	home
February 1, 2020 at 04:14PM	home
February 3, 2020 at 08:10AM	diner
February 3, 2020 at 10:08AM	school
February 4, 2020 at 09:07AM	home
February 4, 2020 at 12:39PM	school
February 5, 2020 at 10:25AM	school
February 5, 2020 at 11:36AM	school
February 5, 2020 at 01:08PM	school
February 5, 2020 at 03:03PM	school
February 6, 2020 at 08:28AM	school
February 6, 2020 at 09:15AM	school
February 7, 2020 at 09:14AM	school
February 7, 2020 at 03:17PM	cinema
February 8, 2020 at 10:38AM	home
February 8, 2020 at 11:26AM	home
February 8, 2020 at 01:49PM	home
February 10, 2020 at 08:08AM	school
February 10, 2020 at 10:16AM	school
February 11, 2020 at 11:54AM	home
February 11, 2020 at 12:43PM	home
February 11, 2020 at 02:55PM	school
February 11, 2020 at 04:21PM	diner
February 12, 2020 at 08:44AM	school
February 12, 2020 at 11:01AM	School
February 12, 2020 at 03:51PM	School
February 13, 2020 at 08:53AM	School
February 13, 2020 at 12:13PM	diner
February 14, 2020 at 10:52AM	School
February 16, 2020 at 11:41AM	home
February 16, 2020 at 01:48PM	home
February 17, 2020 at 08:09AM	school
February 17, 2020 at 10:19AM	school
February 19, 2020 at 07:39AM	school
February 19, 2020 at 07:54AM	School
February 19, 2020 at 09:12AM	school
February 19, 2020 at 12:04PM	School
February 20, 2020 at 09:16AM	home
February 20, 2020 at 09:55AM	home
February 20, 2020 at 12:26PM	home
February 21, 2020 at 08:09AM	school
February 24, 2020 at 10:24AM	School
February 25, 2020 at 08:42AM	school
February 26, 2020 at 10:27AM	school
February 26, 2020 at 08:05PM	home
February 26, 2020 at 08:07PM	home
February 27, 2020 at 08:34AM	home
February 28, 2020 at 08:29AM	home
February 28, 2020 at 10:28AM	School
March 1, 2020 at 04:19PM	home
March 1, 2020 at 04:19PM	home
March 1, 2020 at 04:19PM	home
March 1, 2020 at 04:41PM	home
March 1, 2020 at 05:14PM	home
March 1, 2020 at 05:31PM	home
March 2, 2020 at 02:58PM	home
March 4, 2020 at 08:07AM	school
March 6, 2020 at 12:53PM	home
March 6, 2020 at 03:39PM	home
March 9, 2020 at 07:38AM	school
March 11, 2020 at 09:47AM	home
March 11, 2020 at 10:10AM	home
March 16, 2020 at 08:51AM	home
March 16, 2020 at 10:16AM	home
March 16, 2020 at 02:14PM	home
March 16, 2020 at 05:58PM	home
March 17, 2020 at 10:01AM	home
March 17, 2020 at 11:02AM	home
March 17, 2020 at 12:40PM	home
March 17, 2020 at 02:21PM	home
March 18, 2020 at 08:05AM	home
March 18, 2020 at 09:46AM	home
March 20, 2020 at 10:25AM	home
March 20, 2020 at 10:25AM	home
March 20, 2020 at 11:32AM	home
March 22, 2020 at 11:50AM	home
March 22, 2020 at 04:37PM	home
March 23, 2020 at 08:30AM	home
March 24, 2020 at 12:34PM	home
March 25, 2020 at 10:48AM	home
March 26, 2020 at 09:58AM	home
March 26, 2020 at 11:03AM	home
March 26, 2020 at 01:37PM	home
March 27, 2020 at 11:38AM	home
March 28, 2020 at 02:46PM	home
March 28, 2020 at 03:44PM	home
March 28, 2020 at 05:50PM	home
March 29, 2020 at 09:45AM	home
March 29, 2020 at 11:57AM	home
March 29, 2020 at 02:20PM	home
March 29, 2020 at 05:16PM	home
March 30, 2020 at 10:23AM	home
March 31, 2020 at 10:40AM	home
March 31, 2020 at 12:25PM	home
April 1, 2020 at 08:04AM	home
April 2, 2020 at 11:41AM	home
April 3, 2020 at 07:16AM	home
April 3, 2020 at 09:22AM	home
April 3, 2020 at 11:19AM	home
April 3, 2020 at 03:41PM	home
April 5, 2020 at 12:00PM	home
April 6, 2020 at 11:52AM	home
April 6, 2020 at 01:26PM	home
April 8, 2020 at 12:28PM	home
April 8, 2020 at 12:28PM	home
April 8, 2020 at 04:06PM	home
April 11, 2020 at 08:43AM	home
April 11, 2020 at 10:31AM	home
April 11, 2020 at 12:18PM	home
April 12, 2020 at 11:13AM	home
April 12, 2020 at 11:42AM	home
April 12, 2020 at 02:43PM	home
April 14, 2020 at 10:03AM	home
April 14, 2020 at 01:42PM	home
April 15, 2020 at 11:15AM	home
April 18, 2020 at 11:24AM	home
April 18, 2020 at 01:13PM	home
April 19, 2020 at 01:07PM	home
April 20, 2020 at 10:11AM	home
April 20, 2020 at 12:21PM	home
April 21, 2020 at 09:50AM	living room
April 22, 2020 at 07:55AM	office
April 23, 2020 at 08:44AM	living room
April 23, 2020 at 11:58AM	living room
April 23, 2020 at 02:15PM	living room
April 24, 2020 at 08:09AM	office
April 26, 2020 at 01:16PM	living room
April 26, 2020 at 02:55PM	living room
April 27, 2020 at 06:57AM	office
April 27, 2020 at 07:53AM	office
April 27, 2020 at 09:30AM	office
May 1, 2020 at 09:20AM	living room
May 1, 2020 at 09:59AM	office
May 1, 2020 at 11:04AM	living room
May 4, 2020 at 08:16AM	living room
May 4, 2020 at 10:48AM	office
May 4, 2020 at 11:37AM	office
May 5, 2020 at 11:05AM	living room
May 5, 2020 at 01:06PM	living room
May 6, 2020 at 08:11AM	office
May 7, 2020 at 11:35AM	living room
May 7, 2020 at 03:15PM	office
May 8, 2020 at 08:13AM	office
May 8, 2020 at 11:23AM	office
May 9, 2020 at 12:19PM	living room
May 10, 2020 at 08:11AM	living room
May 10, 2020 at 09:20AM	living room
May 10, 2020 at 11:02AM	living room
May 11, 2020 at 08:30AM	living room
May 11, 2020 at 09:28AM	Office
May 11, 2020 at 12:27PM	office
May 12, 2020 at 09:22AM	living room
May 13, 2020 at 03:21PM	living room
May 14, 2020 at 02:40PM	living room
May 16, 2020 at 05:23PM	living room
May 17, 2020 at 09:37AM	living room
May 18, 2020 at 04:23PM	living room
May 19, 2020 at 03:36PM	office
May 24, 2020 at 02:18PM	living room
May 24, 2020 at 02:58PM	living room
May 24, 2020 at 06:09PM	living room
May 26, 2020 at 07:39AM	living room
May 26, 2020 at 09:03AM	Office
May 28, 2020 at 07:52AM	office
May 28, 2020 at 09:19AM	office
May 28, 2020 at 10:44AM	office
May 28, 2020 at 12:26PM	office
May 29, 2020 at 07:51AM	office
May 29, 2020 at 09:47AM	office
May 29, 2020 at 12:35PM	office
May 30, 2020 at 04:47PM	Office
May 30, 2020 at 06:19PM	office
June 1, 2020 at 09:38AM	living room
June 1, 2020 at 11:09AM	living room
June 2, 2020 at 07:09AM	living room
June 2, 2020 at 09:49AM	Office
June 8, 2020 at 09:49AM	cafe
June 9, 2020 at 10:31AM	visit
June 13, 2020 at 01:20PM	living room
June 15, 2020 at 08:09PM	visit
July 2, 2020 at 04:44PM	vacation
July 2, 2020 at 04:44PM	vacation
July 3, 2020 at 08:24AM	vacation
July 3, 2020 at 09:43AM	vacation
July 3, 2020 at 03:32PM	visit
July 28, 2020 at 12:27PM	visit
July 30, 2020 at 09:58AM	visit
August 1, 2020 at 11:28AM	visit
August 2, 2020 at 02:14PM	cafe
August 2, 2020 at 02:14PM	cafe
August 2, 2020 at 02:14PM	cafe
August 5, 2020 at 12:11PM	visit
August 5, 2020 at 01:35PM	visit
August 6, 2020 at 11:17AM	visit
August 6, 2020 at 11:55AM	visit
August 7, 2020 at 09:47AM	visit
August 8, 2020 at 11:15AM	cafe
August 9, 2020 at 10:24AM	visit
August 10, 2020 at 10:00AM	visit
August 11, 2020 at 09:59AM	visit
August 11, 2020 at 11:55AM	visit
August 13, 2020 at 09:17AM	visit
August 14, 2020 at 02:48PM	cafe
August 15, 2020 at 08:36AM	home
August 16, 2020 at 09:43AM	home
August 22, 2020 at 03:31PM	living room
August 22, 2020 at 03:52PM	living room
August 23, 2020 at 09:47AM	office
August 23, 2020 at 11:09AM	office
August 23, 2020 at 03:15PM	office
August 24, 2020 at 09:38AM	office
August 27, 2020 at 11:45AM	living room
September 3, 2020 at 06:51PM	visit
September 4, 2020 at 04:02PM	cafe
September 4, 2020 at 10:08PM	visit
September 5, 2020 at 09:04AM	living room
September 5, 2020 at 03:49PM	cafe
September 6, 2020 at 09:19AM	living room
September 6, 2020 at 09:19AM	living room
September 18, 2020 at 07:57AM	visit
September 20, 2020 at 10:25AM	visit
September 21, 2020 at 09:16PM	cafe
September 22, 2020 at 10:51AM	living room
September 22, 2020 at 12:01PM	living room
September 22, 2020 at 05:18PM	visit
September 24, 2020 at 08:44AM	living room
September 26, 2020 at 11:52AM	living room
September 26, 2020 at 12:28PM	living room
September 30, 2020 at 09:15AM	living room
September 30, 2020 at 10:26AM	living room
September 30, 2020 at 03:00PM	cafe
September 30, 2020 at 03:39PM	cafe
October 5, 2020 at 06:49AM	office
October 5, 2020 at 07:51AM	office
October 8, 2020 at 10:56AM	office
October 8, 2020 at 11:49AM	office
October 9, 2020 at 08:38AM	visit
October 9, 2020 at 10:20AM	visit
October 9, 2020 at 12:29PM	visit
October 10, 2020 at 10:26AM	visit
October 10, 2020 at 04:43PM	visit
October 11, 2020 at 09:23AM	visit
October 11, 2020 at 10:22AM	visit
October 11, 2020 at 11:02AM	cafe
October 12, 2020 at 12:07PM	living room
October 13, 2020 at 11:05AM	living room
October 16, 2020 at 11:51AM	living room
October 16, 2020 at 01:45PM	office
October 18, 2020 at 10:34AM	living room
October 23, 2020 at 08:36AM	visit
October 23, 2020 at 10:50AM	visit
October 24, 2020 at 11:30AM	visit
October 24, 2020 at 12:15PM	visit
October 25, 2020 at 11:54AM	visit
October 25, 2020 at 01:29PM	cafe
November 3, 2020 at 09:02AM	living room
November 3, 2020 at 09:55AM	living room
November 6, 2020 at 09:30AM	living room
November 6, 2020 at 11:03AM	office
November 7, 2020 at 12:37PM	living room
November 14, 2020 at 12:35PM	living room
November 20, 2020 at 09:13AM	living room
November 20, 2020 at 11:34AM	living room
November 21, 2020 at 12:15PM	living room
November 23, 2020 at 07:56AM	living room
November 23, 2020 at 09:02AM	living room
November 26, 2020 at 08:54AM	living room
November 26, 2020 at 09:42AM	office
November 27, 2020 at 12:51PM	living room
November 28, 2020 at 11:51AM	visit
November 28, 2020 at 12:25PM	visit
November 29, 2020 at 01:07PM	living room
December 1, 2020 at 10:57AM	living room
December 1, 2020 at 11:44AM	living room
December 1, 2020 at 07:58PM	office
December 1, 2020 at 10:11PM	office
December 1, 2020 at 11:42PM	office
December 2, 2020 at 06:11AM	office
December 9, 2020 at 09:30AM	Exit
December 9, 2020 at 11:48AM	office
December 19, 2020 at 12:26PM	ingunn
December 19, 2020 at 12:26PM	ingunn
December 20, 2020 at 10:31AM	ingunn
December 20, 2020 at 10:31AM	ingunn
December 20, 2020 at 03:16PM	cafe
December 21, 2020 at 11:36AM	cafe
December 24, 2020 at 08:39PM	visit
December 25, 2020 at 09:34AM	visit
December 27, 2020 at 11:05AM	visit
December 28, 2020 at 11:34AM	visit
December 29, 2020 at 11:18AM	visit
December 30, 2020 at 11:07AM	visit
December 31, 2020 at 10:44AM	visit
December 31, 2020 at 11:08AM	visit
December 31, 2020 at 08:00PM	diner
January 1, 2021 at 10:23AM	visit
January 3, 2021 at 09:58AM	visit
January 3, 2021 at 11:12AM	visit
January 6, 2021 at 10:58AM	living room
January 6, 2021 at 02:07PM	living room
January 7, 2021 at 02:48PM	living room
January 7, 2021 at 03:44PM	living room
January 9, 2021 at 10:15AM	living room
January 9, 2021 at 01:33PM	living room
January 10, 2021 at 10:35AM	living room
January 10, 2021 at 11:42AM	living room
January 13, 2021 at 12:58PM	tur
January 14, 2021 at 08:38AM	living room
January 14, 2021 at 09:25AM	living room
January 15, 2021 at 09:50AM	living room
January 15, 2021 at 12:44PM	living room
January 16, 2021 at 11:08AM	ingunn
January 17, 2021 at 02:35PM	ingunn
January 20, 2021 at 07:39AM	living room
January 20, 2021 at 08:05AM	living room
January 21, 2021 at 08:27AM	living room
January 21, 2021 at 09:18AM	living room
January 22, 2021 at 08:25AM	living room
January 22, 2021 at 09:17AM	living room
January 23, 2021 at 11:16AM	living room
January 23, 2021 at 11:16AM	living room
January 24, 2021 at 11:27AM	living room
January 25, 2021 at 08:19AM	living room
January 26, 2021 at 09:24AM	office
January 26, 2021 at 11:43AM	living room
January 27, 2021 at 10:34AM	living room
January 27, 2021 at 11:50AM	office
January 27, 2021 at 02:46PM	living room
January 30, 2021 at 11:32AM	ingunn
January 30, 2021 at 01:03PM	ingunn
February 5, 2021 at 12:15PM	living room
February 5, 2021 at 12:15PM	living room
February 5, 2021 at 12:15PM	living room
February 6, 2021 at 10:26AM	living room
February 6, 2021 at 10:44AM	living room
February 6, 2021 at 11:45AM	Office
February 7, 2021 at 12:12PM	living room
February 7, 2021 at 12:13PM	office
February 8, 2021 at 11:34AM	living room
February 9, 2021 at 10:02AM	office
February 9, 2021 at 12:01PM	living room
February 11, 2021 at 01:35PM	living room
February 11, 2021 at 01:59PM	living room
February 12, 2021 at 10:28AM	living room
February 12, 2021 at 11:41AM	office
February 13, 2021 at 01:09PM	living room
February 13, 2021 at 03:45PM	living room
February 14, 2021 at 11:59AM	living room
February 15, 2021 at 08:53AM	living room
February 15, 2021 at 12:19PM	shrink
February 19, 2021 at 09:18AM	living room
February 19, 2021 at 11:46AM	living room
February 21, 2021 at 12:36PM	Ingunn
February 21, 2021 at 1:13PM	Ingunn
February 22, 2021 at 12:55PM	Ingunn
February 26, 2021 at 11:20AM	røldal
February 27, 2021 at 10:49AM	røldal
February 28, 2021 at 10:12AM	røldal
March 7, 2021 at 12:00PM	living room
March 7, 2021 at 1:00PM	living room
March 7, 2021 at 2:18PM	living room
March 9, 2021 at 9:44AM	living room
March 9, 2021 at 12:56PM	living room
March 13, 2021 at 12:00PM	living room
March 13, 2021 at 12:25PM	living room
March 24, 2021 at 07:34AM	living room
March 24, 2021 at 12:05PM	office
April 3, 2021 at 11:35AM	ingunn
April 3, 2021 at 12:11PM	ingunn
April 4, 2021 at 12:05PM	ingunn
April 8, 2021 at 10:55AM	office
April 9, 2021 at 02:04PM	office
April 19, 2021 at 10:37AM	living room
April 19, 2021 at 05:26PM	office
April 20, 2021 at 09:46AM	office
April 21, 2021 at 09:37AM	living room
May 5, 2021 at 11:31AM	living room
May 5, 2021 at 12:09PM	office
May 5, 2021 at 01:14PM	office
May 13, 2021 at 02:37PM	hike
May 17, 2021 at 11:51AM	living room
May 18, 2021 at 01:03PM	living room
May 29, 2021 at 11:12AM	visit
May 29, 2021 at 11:45AM	visit
May 29, 2021 at 12:36PM	visit
May 30, 2021 at 10:24AM	visit
May 30, 2021 at 10:48AM	visit
June 2, 2021 at 12:58PM	living room
June 2, 2021 at 12:58PM	living room
June 4, 2021 at 10:00AM	living room
June 12, 2021 at 02:59PM	visit
June 26, 2021 at 12:40PM	vacation
July 7, 2021 at 11:31AM	cafe
July 17, 2021 at 12:48PM	ingunn
July 17, 2021 at 1:55PM	ingunn
July 22, 2021 at 11:06PM	office
July 23, 2021 at 04:43AM	office
July 24, 2021 at 12:39PM	visit
July 24, 2021 at 05:33PM	visit
July 25, 2021 at 06:34PM	visit
July 25, 2021 at 06:59PM	visit
July 26, 2021 at 12:16PM	Visit
July 27, 2021 at 12:06PM	visit
July 27, 2021 at 12:51PM	visit
July 28, 2021 at 12:33PM	Visit
August 2, 2021 at 09:26AM	office
August 2, 2021 at 10:59AM	office
August 9, 2021 at 06:10AM	living room
August 9, 2021 at 06:52AM	dim living room
August 9, 2021 at 08:27AM	living room
August 9, 2021 at 10:21AM	work
August 9, 2021 at 11:39AM	work
August 10, 2021 at 07:22AM	living room
August 10, 2021 at 07:54AM	living room
August 10, 2021 at 07:54AM	living room
August 10, 2021 at 10:39AM	work
August 11, 2021 at 07:32AM	living room
August 11, 2021 at 09:56AM	work
August 11, 2021 at 12:01PM	work
August 12, 2021 at 06:55AM	living room
August 12, 2021 at 09:27AM	work
August 13, 2021 at 06:39AM	living room
August 13, 2021 at 08:58AM	Work
August 13, 2021 at 10:51AM	work
August 13, 2021 at 12:13PM	Work
August 13, 2021 at 01:55PM	Work
August 14, 2021 at 07:00AM	living room
August 14, 2021 at 05:01PM	Visit
August 14, 2021 at 05:21PM	Visit
August 15, 2021 at 08:24AM	visit
August 15, 2021 at 08:51AM	Visit
August 16, 2021 at 06:50AM	living room
August 16, 2021 at 09:12AM	work
August 16, 2021 at 09:15AM	Work
August 16, 2021 at 10:27AM	work
August 16, 2021 at 12:08PM	work
August 16, 2021 at 02:42PM	work
August 17, 2021 at 06:30AM	living room
August 17, 2021 at 07:19AM	work
August 17, 2021 at 07:59AM	work
August 17, 2021 at 01:11PM	work
August 18, 2021 at 06:08AM	living room
August 18, 2021 at 07:13AM	work
August 19, 2021 at 06:12AM	living room
August 19, 2021 at 07:08AM	Work
August 19, 2021 at 07:27AM	Work
August 19, 2021 at 12:53PM	work
August 20, 2021 at 06:08AM	living room
August 23, 2021 at 06:08AM	living room
August 23, 2021 at 07:41AM	Work
August 24, 2021 at 05:45AM	living room
August 24, 2021 at 07:05AM	work
August 25, 2021 at 07:07AM	Work
August 25, 2021 at 12:07PM	Work
August 26, 2021 at 07:21AM	Work
August 26, 2021 at 09:57AM	Work
August 26, 2021 at 12:38PM	Work
August 27, 2021 at 06:05AM	living room
August 27, 2021 at 07:23AM	Work
August 28, 2021 at 09:37AM	visit
August 29, 2021 at 05:13PM	cafe
August 30, 2021 at 08:08AM	Work
August 30, 2021 at 08:59AM	Work
August 31, 2021 at 08:19AM	work
August 31, 2021 at 01:52PM	work
September 1, 2021 at 09:45AM	living room
September 1, 2021 at 10:48AM	living room
September 1, 2021 at 02:07PM	living room
September 2, 2021 at 08:58AM	living room
September 2, 2021 at 12:27PM	living room
September 3, 2021 at 10:02AM	Work
September 6, 2021 at 08:23AM	Work
September 6, 2021 at 10:05AM	work
September 7, 2021 at 07:25AM	Work
September 7, 2021 at 12:46PM	work
September 8, 2021 at 07:07AM	Work
September 8, 2021 at 09:05AM	Work
September 8, 2021 at 11:08AM	work
September 9, 2021 at 01:08PM	Work
September 10, 2021 at 07:46AM	work
September 10, 2021 at 09:15AM	work
September 13, 2021 at 08:35AM	work
September 14, 2021 at 08:12AM	Work
September 14, 2021 at 09:42AM	Work
September 14, 2021 at 03:10PM	Work
September 15, 2021 at 01:01PM	Work
September 16, 2021 at 07:40AM	Work
September 17, 2021 at 09:43AM	work
September 17, 2021 at 09:43AM	work
September 18, 2021 at 10:01PM	Work
September 20, 2021 at 11:09AM	work
September 20, 2021 at 12:59PM	Work
September 21, 2021 at 08:09AM	Work
September 21, 2021 at 09:48AM	Work
September 21, 2021 at 01:33PM	Work
September 22, 2021 at 01:16PM	Work
September 23, 2021 at 07:39AM	Work
September 23, 2021 at 09:45AM	Work
September 23, 2021 at 12:17PM	Work
September 23, 2021 at 03:23PM	cafe
September 24, 2021 at 07:27AM	Work
September 25, 2021 at 12:26PM	cafe
September 26, 2021 at 10:24AM	cafe
September 26, 2021 at 01:31PM	cafe
September 27, 2021 at 08:30AM	Work
September 27, 2021 at 09:36AM	Work
September 28, 2021 at 07:26AM	Work
September 28, 2021 at 09:31AM	Work
September 29, 2021 at 07:23AM	work
September 30, 2021 at 08:13AM	work
September 30, 2021 at 11:56AM	work
October 4, 2021 at 07:26AM	work
October 4, 2021 at 07:59AM	work
October 5, 2021 at 07:01AM	work
October 5, 2021 at 09:48AM	work
October 6, 2021 at 07:13AM	work
October 6, 2021 at 07:54AM	work
October 6, 2021 at 02:00PM	work
October 7, 2021 at 08:36AM	work
October 8, 2021 at 07:51AM	work
October 8, 2021 at 08:13AM	work
October 8, 2021 at 10:22AM	work
October 8, 2021 at 12:08PM	work
October 9, 2021 at 11:10AM	visit
October 10, 2021 at 10:02AM	visit
October 11, 2021 at 07:16AM	work
October 11, 2021 at 09:42AM	work
October 11, 2021 at 10:51AM	work
October 12, 2021 at 08:30AM	work
October 12, 2021 at 08:31AM	work
October 12, 2021 at 09:21AM	work
October 12, 2021 at 10:28AM	work
October 12, 2021 at 11:43AM	work
October 12, 2021 at 01:32PM	work
October 13, 2021 at 08:20AM	work
October 13, 2021 at 08:21AM	work
October 13, 2021 at 11:24AM	work
October 13, 2021 at 11:24AM	work
October 14, 2021 at 07:29AM	work
October 15, 2021 at 07:03AM	work
October 16, 2021 at 12:29PM	living room
October 17, 2021 at 12:06PM	living room
October 18, 2021 at 07:37AM	work
October 18, 2021 at 08:37AM	work
October 18, 2021 at 12:27PM	work
October 19, 2021 at 07:26AM	work
October 19, 2021 at 08:47AM	work
October 20, 2021 at 07:57AM	work
October 20, 2021 at 11:57AM	work
October 21, 2021 at 07:49AM	work
October 21, 2021 at 08:34AM	work
October 21, 2021 at 11:22AM	work
October 22, 2021 at 08:58AM	work
October 22, 2021 at 02:46PM	work
October 23, 2021 at 12:13PM	work
October 23, 2021 at 02:45PM	work
October 25, 2021 at 08:11AM	work
October 25, 2021 at 08:43AM	work
October 25, 2021 at 12:18PM	work
October 26, 2021 at 07:34AM	work
October 26, 2021 at 08:18AM	work
October 27, 2021 at 07:12AM	work
October 27, 2021 at 07:55AM	work
October 27, 2021 at 12:24PM	work
October 28, 2021 at 07:31AM	work
October 28, 2021 at 08:29AM	work
October 28, 2021 at 09:52AM	work
October 29, 2021 at 08:01AM	work
October 29, 2021 at 09:27AM	work
October 29, 2021 at 12:31PM	work
October 29, 2021 at 01:53PM	work
October 30, 2021 at 08:33AM	cafe
October 31, 2021 at 09:11AM	visit
October 31, 2021 at 08:37PM	cafe
November 1, 2021 at 08:44AM	work
November 1, 2021 at 09:28AM	work
November 1, 2021 at 11:57AM	work
November 1, 2021 at 02:24PM	work
November 1, 2021 at 04:48PM	work
November 2, 2021 at 07:35AM	work
November 2, 2021 at 08:11AM	work
November 2, 2021 at 10:06AM	work
November 2, 2021 at 06:03PM	work
November 3, 2021 at 07:11AM	work
November 3, 2021 at 09:12AM	work
November 3, 2021 at 11:43AM	work
November 3, 2021 at 02:30PM	work
November 4, 2021 at 07:25AM	Work
November 4, 2021 at 08:01AM	work
November 4, 2021 at 08:25AM	work
November 4, 2021 at 09:27AM	work
November 4, 2021 at 06:26PM	work
November 5, 2021 at 07:25AM	Work
November 5, 2021 at 08:02AM	work
November 5, 2021 at 08:55AM	work
November 5, 2021 at 12:31PM	work
November 7, 2021 at 10:32AM	work
November 7, 2021 at 11:14AM	cafe
November 7, 2021 at 11:15AM	ingunn
November 7, 2021 at 02:01PM	cafe
November 7, 2021 at 07:26PM	visit
November 8, 2021 at 08:41AM	living room
November 8, 2021 at 09:33AM	office
November 8, 2021 at 11:01AM	office
November 9, 2021 at 07:41AM	office
November 9, 2021 at 08:59AM	office
November 9, 2021 at 09:57AM	work
November 9, 2021 at 12:40PM	work
November 10, 2021 at 10:45AM	Work
November 10, 2021 at 11:44AM	work
November 10, 2021 at 12:21PM	work
November 11, 2021 at 07:15AM	work
November 11, 2021 at 09:28AM	work
November 11, 2021 at 10:14AM	work
November 12, 2021 at 06:58AM	work
November 12, 2021 at 07:15AM	work
November 12, 2021 at 07:15AM	work
November 12, 2021 at 07:45AM	work
November 12, 2021 at 09:50AM	work
November 13, 2021 at 11:49AM	living room
November 13, 2021 at 12:23PM	living room
November 15, 2021 at 07:55AM	work
November 15, 2021 at 09:04AM	work
November 15, 2021 at 09:53AM	work
November 15, 2021 at 01:25PM	work
November 16, 2021 at 07:15AM	work
November 16, 2021 at 08:47AM	work
November 16, 2021 at 12:32PM	work
November 17, 2021 at 07:41AM	work
November 17, 2021 at 08:05AM	work
November 17, 2021 at 09:22AM	work
November 17, 2021 at 12:43PM	work
November 18, 2021 at 07:26AM	work
November 18, 2021 at 12:39PM	work
November 19, 2021 at 07:00AM	work
November 19, 2021 at 07:14AM	work
November 19, 2021 at 07:37AM	work
November 19, 2021 at 09:57AM	work
November 21, 2021 at 11:44AM	ingunn
November 22, 2021 at 07:56AM	work
November 22, 2021 at 09:32AM	work
November 22, 2021 at 12:31PM	work
November 23, 2021 at 07:17AM	work
November 23, 2021 at 08:24AM	work
November 23, 2021 at 09:49AM	work
November 23, 2021 at 12:22PM	work
November 24, 2021 at 06:38AM	cafe
November 24, 2021 at 08:31AM	cafe
November 24, 2021 at 06:12PM	cafe
November 25, 2021 at 07:31AM	Work
November 25, 2021 at 08:19AM	work
November 25, 2021 at 09:53AM	work
November 25, 2021 at 01:29PM	work
November 26, 2021 at 07:34AM	work
November 26, 2021 at 09:08AM	work
November 26, 2021 at 10:34AM	work
November 29, 2021 at 08:27AM	work
November 29, 2021 at 09:08AM	work
November 29, 2021 at 10:40AM	work
November 29, 2021 at 01:10PM	work
November 30, 2021 at 07:56AM	work
November 30, 2021 at 09:11AM	work
November 30, 2021 at 01:47PM	work
December 1, 2021 at 06:55AM	work
December 1, 2021 at 08:05AM	work
December 1, 2021 at 01:14PM	work
December 2, 2021 at 07:51AM	work
December 2, 2021 at 08:06AM	work
December 2, 2021 at 09:28AM	work
December 3, 2021 at 07:12AM	work
December 3, 2021 at 07:25AM	work
December 3, 2021 at 10:42AM	work
December 4, 2021 at 11:03AM	ingunn
December 4, 2021 at 01:12PM	ingunn
December 5, 2021 at 11:00AM	ingunn
December 5, 2021 at 12:01PM	ingunn
December 6, 2021 at 07:09AM	office
December 6, 2021 at 08:58AM	office
December 6, 2021 at 12:24PM	office
December 7, 2021 at 07:56AM	office
December 7, 2021 at 08:28AM	office
December 7, 2021 at 08:59AM	office
December 8, 2021 at 07:29AM	office
December 8, 2021 at 10:04AM	office
December 8, 2021 at 01:05PM	office
December 9, 2021 at 07:15AM	office
December 9, 2021 at 07:15AM	office
December 9, 2021 at 08:59AM	office
December 9, 2021 at 11:40AM	office
December 10, 2021 at 08:28AM	office
December 10, 2021 at 08:58AM	office
December 10, 2021 at 10:05AM	office
December 10, 2021 at 01:26PM	office
December 13, 2021 at 08:57AM	office
December 13, 2021 at 10:04AM	office
December 13, 2021 at 12:51PM	office
December 14, 2021 at 08:18AM	office
December 14, 2021 at 09:05AM	office
December 14, 2021 at 11:41AM	living room
December 14, 2021 at 01:18PM	office
December 15, 2021 at 10:58AM	office
December 16, 2021 at 07:43AM	office
December 16, 2021 at 08:39AM	office
December 16, 2021 at 09:50AM	office
December 17, 2021 at 08:02AM	office
December 17, 2021 at 09:37AM	office
December 17, 2021 at 11:55AM	office
December 21, 2021 at 11:02AM	office
December 21, 2021 at 11:41AM	office
December 21, 2021 at 03:31PM	office
December 22, 2021 at 06:58AM	living room
December 22, 2021 at 07:54AM	living room
December 23, 2021 at 07:51AM	visit
December 23, 2021 at 08:44AM	visit
December 23, 2021 at 09:41AM	visit
December 23, 2021 at 12:47PM	visit
December 24, 2021 at 08:41AM	visit
December 24, 2021 at 09:09AM	visit
December 25, 2021 at 08:36AM	visit
December 25, 2021 at 10:17AM	visit
December 26, 2021 at 10:56AM	visit
December 26, 2021 at 12:00PM	visit
December 27, 2021 at 07:50AM	visit
December 27, 2021 at 11:17AM	visit
December 28, 2021 at 08:55AM	visit
December 28, 2021 at 09:48AM	visit
December 29, 2021 at 08:45AM	visit
December 29, 2021 at 08:45AM	visit
December 29, 2021 at 10:55AM	visit
December 29, 2021 at 11:00AM	visit
December 30, 2021 at 07:07AM	visit
December 30, 2021 at 09:17AM	visit
December 31, 2021 at 10:18AM	visit
December 31, 2021 at 12:42PM	cafe
December 31, 2021 at 09:52PM	visit
January 1, 2022 at 04:07PM	visit
January 1, 2022 at 04:07PM	visit
January 3, 2022 at 08:53AM	office
January 3, 2022 at 09:57AM	Asus
January 3, 2022 at 11:20AM	office
January 4, 2022 at 08:57AM	office
January 5, 2022 at 08:31AM	office
January 5, 2022 at 09:47AM	office
January 6, 2022 at 08:59AM	office
January 6, 2022 at 01:19PM	office
January 10, 2022 at 08:56AM	office
January 10, 2022 at 10:59AM	office
January 11, 2022 at 08:26AM	office
January 11, 2022 at 10:05AM	office
January 12, 2022 at 08:22AM	office
January 13, 2022 at 08:54AM	office
January 13, 2022 at 10:43AM	office
January 13, 2022 at 01:13PM	office
January 13, 2022 at 03:20PM	office
January 14, 2022 at 08:04AM	office
January 17, 2022 at 08:41AM	office
January 17, 2022 at 10:15AM	office
January 17, 2022 at 01:00PM	living room
January 18, 2022 at 07:19AM	office
January 18, 2022 at 09:01AM	office
January 19, 2022 at 09:05AM	office
January 19, 2022 at 10:12AM	office
January 19, 2022 at 12:00PM	office
January 20, 2022 at 08:35AM	office
January 20, 2022 at 09:52AM	office
January 24, 2022 at 08:48AM	office
January 24, 2022 at 11:01AM	office
January 25, 2022 at 09:03AM	office
January 25, 2022 at 10:59AM	office
January 26, 2022 at 08:52AM	work
January 27, 2022 at 08:55AM	work
January 27, 2022 at 11:13AM	work
January 27, 2022 at 11:32AM	work
January 27, 2022 at 01:18PM	Work
January 28, 2022 at 08:57AM	office
January 30, 2022 at 11:54AM	living room
January 30, 2022 at 02:38PM	living room
January 31, 2022 at 07:41AM	office
February 1, 2022 at 09:33AM	office
February 1, 2022 at 11:50AM	office
February 2, 2022 at 11:54AM	office
February 3, 2022 at 07:15AM	work
February 3, 2022 at 08:57AM	work
February 3, 2022 at 09:26AM	work
February 3, 2022 at 11:33AM	work
February 8, 2022 at 11:48AM	living room
February 9, 2022 at 09:31AM	living room
February 10, 2022 at 12:33PM	living room
February 11, 2022 at 09:07AM	living room
February 16, 2022 at 07:04AM	cafe
February 16, 2022 at 08:41AM	cafe
February 16, 2022 at 10:11AM	work
February 16, 2022 at 12:44PM	work
February 17, 2022 at 08:02AM	hotel
February 17, 2022 at 08:31AM	work
February 17, 2022 at 03:44PM	cafe
February 18, 2022 at 08:00AM	Work
February 18, 2022 at 09:25AM	work
February 18, 2022 at 11:57AM	work
February 18, 2022 at 01:39PM	work
February 24, 2022 at 07:37AM	work
February 24, 2022 at 09:30AM	Work
February 25, 2022 at 07:35AM	Work
February 25, 2022 at 09:02AM	Work
February 25, 2022 at 09:40AM	Work
February 28, 2022 at 08:20AM	Work
March 8, 2022 at 10:39AM	office
March 8, 2022 at 12:08PM	living room
March 8, 2022 at 12:57PM	office
March 9, 2022 at 07:41AM	Work
March 9, 2022 at 08:05AM	Work
March 9, 2022 at 10:12AM	work
March 9, 2022 at 10:14AM	work
March 10, 2022 at 07:19AM	Work
March 10, 2022 at 11:07AM	work
March 10, 2022 at 02:31PM	Work
March 11, 2022 at 07:33AM	work
March 11, 2022 at 08:17AM	Work
March 14, 2022 at 08:09AM	work
March 14, 2022 at 08:58AM	Work
March 14, 2022 at 01:35PM	Work
March 15, 2022 at 07:50AM	work
March 15, 2022 at 09:05AM	Work
March 15, 2022 at 11:08AM	Work
March 16, 2022 at 07:34AM	Work
March 16, 2022 at 09:11AM	Work
March 16, 2022 at 09:46AM	Work
March 17, 2022 at 07:29AM	Work
March 17, 2022 at 08:35AM	work
March 17, 2022 at 09:23AM	work
March 17, 2022 at 10:33AM	work
March 18, 2022 at 08:03AM	Work
March 18, 2022 at 08:53AM	Work
March 18, 2022 at 12:48PM	Work
March 21, 2022 at 08:26AM	Work
March 21, 2022 at 09:09AM	Work
March 22, 2022 at 07:43AM	work
March 22, 2022 at 10:35AM	Work
March 22, 2022 at 02:01PM	Work
March 23, 2022 at 08:03AM	Work
March 23, 2022 at 09:07AM	Work
March 24, 2022 at 08:50AM	work
March 24, 2022 at 01:04PM	Work
March 24, 2022 at 07:13PM	work
March 24, 2022 at 11:18PM	cafe
March 25, 2022 at 08:22AM	visit
March 25, 2022 at 09:06AM	visit
March 25, 2022 at 09:52AM	visit
March 26, 2022 at 10:45AM	cafe
March 26, 2022 at 11:14AM	visit
March 26, 2022 at 11:51AM	visit
March 26, 2022 at 01:24PM	visit
March 26, 2022 at 05:12PM	visit
March 27, 2022 at 07:58AM	visit
March 27, 2022 at 10:01AM	cafe
March 29, 2022 at 11:59AM	Work
March 30, 2022 at 08:23AM	work
March 30, 2022 at 12:12PM	work
March 31, 2022 at 08:04AM	work
March 31, 2022 at 08:38AM	work
March 31, 2022 at 07:25PM	work
April 1, 2022 at 07:11AM	work
April 1, 2022 at 07:54AM	work
April 1, 2022 at 12:14PM	work
April 2, 2022 at 09:03AM	living room
April 3, 2022 at 10:53AM	living room
April 3, 2022 at 12:55PM	Arthur ' s
April 4, 2022 at 07:29AM	work
April 4, 2022 at 09:05AM	work
April 5, 2022 at 07:21AM	work
April 5, 2022 at 09:02AM	work
April 5, 2022 at 12:15PM	work
April 6, 2022 at 07:56AM	work
April 6, 2022 at 08:50AM	work
April 7, 2022 at 08:03AM	work
April 7, 2022 at 08:55AM	work
April 7, 2022 at 09:39AM	work
April 7, 2022 at 04:44PM	work
April 8, 2022 at 06:54AM	work
April 8, 2022 at 07:14AM	work
April 8, 2022 at 07:47AM	work
April 8, 2022 at 10:04AM	work
April 9, 2022 at 10:17AM	visit
April 9, 2022 at 12:12PM	cafe
April 9, 2022 at 08:24PM	visit
April 10, 2022 at 11:02AM	visit
April 10, 2022 at 12:28PM	visit
April 11, 2022 at 09:43AM	office
April 11, 2022 at 12:02PM	office
April 12, 2022 at 08:15AM	living room
April 12, 2022 at 09:01AM	office
April 15, 2022 at 06:04PM	visit
April 15, 2022 at 06:18PM	visit
April 17, 2022 at 10:16AM	visit
April 17, 2022 at 10:27AM	visit
April 20, 2022 at 07:54AM	work
April 20, 2022 at 08:56AM	work
April 20, 2022 at 11:55AM	work
April 21, 2022 at 08:41AM	work
April 21, 2022 at 09:24AM	work
April 21, 2022 at 10:45AM	work
April 21, 2022 at 12:34PM	work
April 22, 2022 at 07:03AM	work
April 22, 2022 at 07:35AM	work
April 22, 2022 at 08:27AM	work
April 22, 2022 at 11:26AM	work
April 25, 2022 at 08:15AM	work
April 25, 2022 at 09:26AM	work
April 25, 2022 at 01:39PM	work
April 26, 2022 at 09:39AM	work
April 26, 2022 at 11:05AM	work
April 26, 2022 at 12:57PM	work
April 26, 2022 at 02:24PM	work
April 27, 2022 at 08:23AM	Work
April 27, 2022 at 10:06AM	Work
April 27, 2022 at 12:51PM	Work
April 28, 2022 at 09:27AM	work
April 28, 2022 at 12:30PM	Work
April 29, 2022 at 07:08AM	Work
April 29, 2022 at 07:38AM	Work
April 29, 2022 at 08:58AM	Work
May 2, 2022 at 08:43AM	work
May 2, 2022 at 10:20AM	Work
May 2, 2022 at 03:03PM	Work
May 3, 2022 at 09:08AM	work
May 3, 2022 at 10:55AM	Work
May 3, 2022 at 01:13PM	Work
May 3, 2022 at 05:42PM	cafe
May 4, 2022 at 09:38AM	Work
May 4, 2022 at 02:14PM	Work
May 4, 2022 at 08:32PM	Work
May 5, 2022 at 08:05AM	Work
May 5, 2022 at 12:26PM	Work
May 6, 2022 at 07:37AM	Work
May 6, 2022 at 01:22PM	Work
May 9, 2022 at 09:01AM	Work
May 10, 2022 at 07:41AM	Work
May 10, 2022 at 08:58AM	Work
May 10, 2022 at 12:27PM	Work
May 13, 2022 at 08:33AM	Work
May 13, 2022 at 11:31AM	Work
May 13, 2022 at 11:31AM	work
May 13, 2022 at 12:52PM	work
May 14, 2022 at 09:13AM	living room
May 15, 2022 at 09:16AM	living room
May 15, 2022 at 09:45AM	living room
May 16, 2022 at 07:07AM	office
May 16, 2022 at 09:03AM	office
May 16, 2022 at 10:38AM	office
May 18, 2022 at 07:59AM	Work
May 18, 2022 at 08:36AM	Work
May 19, 2022 at 07:51AM	work
May 19, 2022 at 08:40AM	work
May 19, 2022 at 10:36AM	Work
May 19, 2022 at 01:45PM	Work
May 20, 2022 at 08:09AM	Work
May 20, 2022 at 08:52AM	Work
May 20, 2022 at 11:54AM	Work
May 21, 2022 at 07:43AM	cafe
May 21, 2022 at 04:46PM	hotel
May 22, 2022 at 10:31AM	hotel
May 22, 2022 at 10:49AM	Hotel
May 22, 2022 at 06:17PM	cafe
May 23, 2022 at 09:06AM	Work
May 25, 2022 at 08:36AM	Work
May 25, 2022 at 09:36AM	Work
May 27, 2022 at 07:56AM	Work
May 27, 2022 at 08:53AM	Work
May 27, 2022 at 11:45AM	Work
May 30, 2022 at 07:19AM	Work
May 30, 2022 at 08:58AM	Work
May 30, 2022 at 01:53PM	Work
May 31, 2022 at 12:12PM	Work
May 31, 2022 at 08:06PM	cafe
June 1, 2022 at 08:11AM	Work
June 1, 2022 at 10:39AM	Work
June 2, 2022 at 07:16AM	Work
June 2, 2022 at 08:50AM	Work
June 2, 2022 at 11:24AM	Work
June 4, 2022 at 09:03AM	living room
June 5, 2022 at 11:57AM	terrace
June 7, 2022 at 07:50AM	Work
June 7, 2022 at 09:03AM	Work
June 7, 2022 at 11:44AM	Work
June 8, 2022 at 07:05AM	Work
June 8, 2022 at 06:05PM	visit
June 9, 2022 at 07:07AM	Work
June 9, 2022 at 08:59AM	Work
June 9, 2022 at 08:47PM	restaurant
June 10, 2022 at 07:46AM	Work
June 10, 2022 at 09:24AM	Work
June 10, 2022 at 11:52AM	Work
June 10, 2022 at 01:25PM	Work
June 10, 2022 at 06:03PM	ferry
June 10, 2022 at 10:05PM	ferry
June 11, 2022 at 10:39AM	visit
June 11, 2022 at 12:31PM	visit
June 12, 2022 at 10:56AM	Visit
June 12, 2022 at 11:36AM	Visit
June 12, 2022 at 05:47PM	ferry
June 14, 2022 at 10:31AM	living room
June 14, 2022 at 11:30AM	living room
June 14, 2022 at 03:49PM	living room
June 16, 2022 at 09:12AM	Work
June 16, 2022 at 11:47AM	Work
June 17, 2022 at 06:59AM	hotel
June 17, 2022 at 07:18AM	hotel
June 17, 2022 at 09:09AM	cafe
June 17, 2022 at 11:22AM	cafe
June 17, 2022 at 04:38PM	Cafe
June 18, 2022 at 10:45AM	visit
June 18, 2022 at 12:54PM	cafe
June 18, 2022 at 05:39PM	cafe
June 19, 2022 at 01:53PM	cafe
June 23, 2022 at 08:39AM	work
June 23, 2022 at 09:31AM	Work
June 23, 2022 at 10:31AM	Work
June 28, 2022 at 08:11AM	work
June 28, 2022 at 09:59AM	Work
June 30, 2022 at 07:08AM	Work
June 30, 2022 at 09:23AM	Work
June 30, 2022 at 12:57PM	work
July 1, 2022 at 06:54AM	Work
July 1, 2022 at 07:57AM	Work
July 2, 2022 at 03:33PM	living room
July 2, 2022 at 07:37PM	living room
July 3, 2022 at 10:35AM	living room
July 4, 2022 at 11:35AM	living room
July 5, 2022 at 07:48AM	Work
July 5, 2022 at 09:33AM	Work
July 6, 2022 at 07:39AM	Work
July 6, 2022 at 12:05PM	Work
July 6, 2022 at 12:05PM	Work
July 6, 2022 at 01:31PM	Work
July 7, 2022 at 08:48AM	Work
July 7, 2022 at 12:02PM	Work
July 7, 2022 at 02:07PM	Work
July 8, 2022 at 08:35AM	Work
July 8, 2022 at 10:06AM	work
July 10, 2022 at 05:32PM	Living room
July 11, 2022 at 08:26AM	Work
July 11, 2022 at 10:07AM	Work
July 12, 2022 at 06:46AM	Work
July 12, 2022 at 08:15AM	Work
July 12, 2022 at 09:25AM	Work
July 12, 2022 at 12:57PM	interview
July 12, 2022 at 12:59PM	Work
July 14, 2022 at 07:45AM	Work
July 14, 2022 at 09:43AM	Work
July 14, 2022 at 01:00PM	work
July 14, 2022 at 01:33PM	Work
July 15, 2022 at 07:32AM	Work
July 15, 2022 at 08:25AM	Work
July 15, 2022 at 09:23AM	Work
July 18, 2022 at 03:33PM	visit
July 20, 2022 at 05:59PM	cafe
July 21, 2022 at 07:38AM	hotel
July 21, 2022 at 07:54AM	hotel
July 22, 2022 at 10:28AM	Cafe
July 23, 2022 at 10:33AM	Cafe
July 24, 2022 at 08:40AM	hotel
July 24, 2022 at 09:03AM	Hotel
July 25, 2022 at 09:03AM	Hotel
July 26, 2022 at 08:56PM	cafe
July 28, 2022 at 09:40AM	hotel
July 28, 2022 at 09:52AM	Hotel
July 30, 2022 at 03:16PM	living room
July 30, 2022 at 06:54PM	ferry
August 1, 2022 at 12:09PM	cabin
August 2, 2022 at 12:51PM	cabin
August 3, 2022 at 01:24PM	cabin
August 4, 2022 at 04:30PM	cafe
August 8, 2022 at 07:59AM	work
August 8, 2022 at 09:12AM	Work
August 8, 2022 at 12:46PM	Work
August 9, 2022 at 09:48AM	work
August 9, 2022 at 11:30AM	Work
August 10, 2022 at 08:54AM	Work
August 10, 2022 at 12:51PM	Work
August 11, 2022 at 08:11AM	Work
August 11, 2022 at 11:29AM	Work
August 11, 2022 at 02:05PM	Work
August 12, 2022 at 08:21AM	Work
August 12, 2022 at 02:17PM	Work
August 13, 2022 at 11:48AM	visit
August 13, 2022 at 07:10PM	visit
August 14, 2022 at 11:10AM	Visit
August 15, 2022 at 09:09AM	work
August 15, 2022 at 02:13PM	Work
August 17, 2022 at 07:22AM	Work
August 17, 2022 at 08:29AM	Work
August 17, 2022 at 09:26AM	Work
August 17, 2022 at 12:59PM	Work
August 18, 2022 at 06:53AM	Work
August 18, 2022 at 07:26AM	Work
August 19, 2022 at 09:25AM	Work
August 19, 2022 at 10:30AM	Work
August 19, 2022 at 11:27AM	Work
August 20, 2022 at 09:08AM	visit
August 21, 2022 at 09:47AM	Visit
August 22, 2022 at 09:55AM	Work
August 22, 2022 at 01:37PM	Work
August 23, 2022 at 08:15AM	Work
August 23, 2022 at 11:33AM	Work
August 24, 2022 at 07:20AM	Work
August 24, 2022 at 08:47AM	Work
August 24, 2022 at 11:49AM	Work
August 24, 2022 at 12:32PM	work
August 25, 2022 at 12:52PM	Work
August 25, 2022 at 02:33PM	Work
August 26, 2022 at 08:28AM	Work
August 26, 2022 at 10:03AM	Work
August 26, 2022 at 11:38AM	Work
August 26, 2022 at 01:47PM	work
August 27, 2022 at 09:26AM	Work
August 27, 2022 at 10:24PM	hotel
August 29, 2022 at 08:33AM	Work
August 29, 2022 at 10:04AM	Work
August 29, 2022 at 11:34AM	Work
August 30, 2022 at 09:01AM	Work
August 30, 2022 at 01:20PM	Work
August 31, 2022 at 08:35AM	Work
August 31, 2022 at 09:33AM	Work
August 31, 2022 at 11:32AM	work
August 31, 2022 at 02:32PM	Work
September 1, 2022 at 08:18AM	Work
September 1, 2022 at 09:59AM	Work
September 1, 2022 at 11:40AM	Work
September 1, 2022 at 01:24PM	Work
September 1, 2022 at 03:10PM	Work
September 2, 2022 at 08:18AM	Work
September 2, 2022 at 09:59AM	Work
September 2, 2022 at 11:40AM	Work
September 5, 2022 at 07:28AM	Work
September 5, 2022 at 09:02AM	Work
September 6, 2022 at 09:14AM	Work
September 6, 2022 at 12:27AM	Work
September 8, 2022 at 08:42AM	Work
September 8, 2022 at 11:36AM	Work
September 9, 2022 at 08:13AM	Work
September 9, 2022 at 09:31AM	Work
September 9, 2022 at 11:34AM	Work
September 9, 2022 at 12:02AM	Work
September 9, 2022 at 12:53AM	Work
September 12, 2022 at 08:34AM	Work
September 12, 2022 at 09:04AM	Work
September 12, 2022 at 09:36AM	Work
September 12, 2022 at 10:34AM	Work
September 12, 2022 at 12:21AM	Bus
September 12, 2022 at 3:37PM	Ferry
September 13, 2022 at 9:20AM	Hotel
September 13, 2022 at 10:58AM	Hotel
September 13, 2022 at 12:15PM	Hotel
September 13, 2022 at 1:30PM	Hotel
September 13, 2022 at 2:07PM	Hotel
September 14, 2022 at 7:44AM	Hotel
September 14, 2022 at 8:03AM	Hotel
September 14, 2022 at 8:54AM	Hotel
September 14, 2022 at 10:48AM	Hotel
September 15, 2022 at 8:17AM	Hotel
September 15, 2022 at 9:01AM	Hotel
September 15, 2022 at 9:39AM	Hotel
September 15, 2022 at 10:46AM	Hotel
September 15, 2022 at 8:59PM	Hotel
September 16, 2022 at 8:38AM	Hotel
September 16, 2022 at 8:52AM	Hotel
September 16, 2022 at 8:52AM	Hotel
September 16, 2022 at 11:50AM	Hotel
September 17, 2022 at 4:57PM	IKEA
September 17, 2022 at 2:45PM	Living room
September 17, 2022 at 3:04PM	Living room
September 19, 2022 at 8:09AM	Work
September 19, 2022 at 11:35AM	Work
September 20, 2022 at 07:55AM	Work
September 20, 2022 at 09:01AM	Work
September 20, 2022 at 09:56AM	Work
September 20, 2022 at 11:56AM	Work
September 21, 2022 at 07:37AM 	Work
September 21, 2022 at 08:21AM 	Work
September 21, 2022 at 10:31AM 	Work
September 21, 2022 at 11:56AM 	Work
September 23, 2022 at 08:18AM 	Work
September 23, 2022 at 09:34AM 	Work
September 23, 2022 at 02:03PM 	Work
September 23, 2022 at 05:32PM 	Cafe
September 26, 2022 at 06:51AM 	Cafe
September 26, 2022 at 08:56AM 	Hotel
September 26, 2022 at 10:44AM 	Hotel
September 26, 2022 at 10:55AM 	Hotel
September 26, 2022 at 1:27PM 	Hotel
September 26, 2022 at 1:59PM 	Hotel
September 27, 2022 at 6:07AM 	Hotel
September 27, 2022 at 7:51AM 	Hotel
September 27, 2022 at 9:01AM 	Hotel
September 27, 2022 at 10:51AM 	Hotel
September 27, 2022 at 11:01AM 	Hotel
September 28, 2022 at 07:41AM 	Hotel
September 28, 2022 at 08:41AM 	Hotel
September 28, 2022 at 11:31AM 	Konferanse 
September 28, 2022 at 1:23PM 	Konferanse 
September 29, 2022 at 12:32PM 	Konferanse 
September 29, 2022 at 4:01PM 	Konferanse 
September 30, 2022 at 11:20AM 	Konferanse 
September 30, 2022 at 12:48PM 	Konferanse 
	
	
	
	
	
	
	
	
	
	
	
	
	
	
	
	
	
	
	,